{"wind_speed":{"0":1.859993305,"1":1.911624833,"2":1.635027361,"3":1.786233979,"4":1.786233979,"5":2.022263822,"6":2.20297417,"7":2.298861294,"8":2.608650463,"9":2.523827238,"10":2.391060451,"11":2.10339908,"12":2.254605698,"13":2.000136024,"14":1.812049743,"15":2.328365024,"16":2.379996552,"17":2.582834699,"18":2.184534339,"19":2.354180788},"generator_speed":{"0":1.223594525,"1":1.293394429,"2":1.280099209,"3":1.280099209,"4":1.263480184,"5":1.286746819,"6":1.280099209,"7":1.416375211,"8":1.256832575,"9":1.256832575,"10":1.243537355,"11":1.236889745,"12":1.243537355,"13":1.157118427,"14":1.343251502,"15":1.323308673,"16":1.280099209,"17":1.200327891,"18":1.263480184,"19":1.223594525},"power":{"0":2.515789697,"1":2.313551422,"2":2.50779859,"3":2.349593423,"4":2.321565964,"5":2.389642695,"6":2.455727507,"7":2.483754967,"8":2.50379132,"9":2.50779859,"10":2.513797779,"11":2.515789697,"12":2.511805861,"13":2.48577032,"14":2.339586964,"15":2.487762238,"16":2.50379132,"17":2.50379132,"18":2.51780505,"19":2.505783238},"wind_direction":{"0":-2.072739488,"1":-2.010590644,"2":-2.053749563,"3":-2.00713793,"4":-2.264365089,"5":-2.178047251,"6":-1.825870469,"7":-1.29587894,"8":-1.009303716,"9":-0.496575755,"10":0.009246779,"11":0.311359214,"12":0.46327861,"13":0.42011969,"14":0.504711172,"15":0.68252592,"16":0.884509662,"17":0.812002677,"18":0.938026722,"19":1.129652323},"wind_direction_mean":{"0":-2.073626589,"1":-1.615139969,"2":-0.282742386,"3":-2.234476868,"4":-1.428958938,"5":-0.79315705,"6":-0.020569098,"7":0.868540315,"8":0.344193738,"9":1.055987884,"10":1.833641986,"11":1.689256697,"12":0.848275713,"13":-0.309339677,"14":0.317596448,"15":1.986893039,"16":0.896404143,"17":-0.04589985,"18":1.627196353,"19":1.528406418},"yaw_position":{"0":-0.655342752,"1":-0.655342752,"2":-0.649565818,"3":-0.655342752,"4":-0.637917246,"5":-0.626268675,"6":-0.59132296,"7":-0.59132296,"8":-0.59132296,"9":-0.59132296,"10":-0.59132296,"11":-0.59132296,"12":-0.59132296,"13":-0.59132296,"14":-0.59132296,"15":-0.59132296,"16":-0.59132296,"17":-0.585498674,"18":-0.59132296,"19":-0.59132296},"yaw_speed":{"0":0.030803582,"1":0.030803582,"2":0.170338457,"3":-0.004080136,"4":0.414524488,"5":0.6238268,"6":1.077315142,"7":0.833129112,"8":0.6238268,"9":0.484291925,"10":0.34475705,"11":0.240105894,"12":0.170338457,"13":0.135454738,"14":0.10057102,"15":0.065687301,"16":0.030803582,"17":0.205222176,"18":-0.004080136,"19":-0.004080136},"pitch1_angle":{"0":0.555555556,"1":0.195555556,"2":0.964444444,"3":0.168888889,"4":0.182222222,"5":0.182222222,"6":0.204444444,"7":3.991111111,"8":3.253333333,"9":2.666666667,"10":2.657777778,"11":2.031111111,"12":2.124444444,"13":0.511111111,"14":0.164444444,"15":2.528888889,"16":3.391111111,"17":2.511111111,"18":2.337777778,"19":2.195555556},"pitch2_angle":{"0":0.506666667,"1":0.133333333,"2":0.951111111,"3":0.137777778,"4":0.168888889,"5":0.168888889,"6":0.177777778,"7":3.968888889,"8":3.226666667,"9":2.622222222,"10":2.64,"11":1.982222222,"12":2.084444444,"13":0.484444444,"14":0.137777778,"15":2.502222222,"16":3.364444444,"17":2.457777778,"18":2.306666667,"19":2.151111111},"pitch3_angle":{"0":0.551111111,"1":0.191111111,"2":0.96,"3":0.177777778,"4":0.204444444,"5":0.204444444,"6":0.177777778,"7":3.946666667,"8":3.262222222,"9":2.671111111,"10":2.648888889,"11":2.022222222,"12":2.142222222,"13":0.537777778,"14":0.146666667,"15":2.475555556,"16":3.373333333,"17":2.502222222,"18":2.333333333,"19":2.195555556},"pitch1_speed":{"0":-1.68,"1":0.0,"2":-1.88,"3":0.0,"4":0.0,"5":0.0,"6":0.0,"7":-1.16,"8":-1.16,"9":-1.32,"10":-1.48,"11":0.2,"12":0.0,"13":-2.2,"14":0.0,"15":1.04,"16":-1.96,"17":-2.08,"18":0.32,"19":-1.52},"pitch2_speed":{"0":-1.72,"1":0.0,"2":-1.84,"3":0.0,"4":0.0,"5":0.0,"6":0.0,"7":-1.0,"8":-0.92,"9":-1.64,"10":-1.36,"11":0.2,"12":-0.2,"13":-2.36,"14":0.0,"15":1.2,"16":-1.8,"17":-2.04,"18":0.52,"19":-1.48},"pitch3_speed":{"0":-1.68,"1":0.0,"2":-1.64,"3":0.0,"4":0.0,"5":0.0,"6":0.0,"7":-0.72,"8":-0.72,"9":-1.32,"10":-1.4,"11":0.0,"12":0.04,"13":-2.28,"14":0.0,"15":0.88,"16":-2.0,"17":-2.32,"18":0.52,"19":-1.44},"pitch1_moto_tmp":{"0":0.759,"1":0.769,"2":0.769,"3":0.78,"4":0.78,"5":0.759,"6":0.74,"7":0.709,"8":0.709,"9":0.709,"10":0.719,"11":0.719,"12":0.719,"13":0.719,"14":0.74,"15":0.73,"16":0.759,"17":0.74,"18":0.759,"19":0.78},"pitch2_moto_tmp":{"0":0.6,"1":0.609,"2":0.609,"3":0.63,"4":0.63,"5":0.63,"6":0.63,"7":0.619,"8":0.609,"9":0.609,"10":0.6,"11":0.6,"12":0.609,"13":0.63,"14":0.609,"15":0.609,"16":0.63,"17":0.63,"18":0.63,"19":0.63},"pitch3_moto_tmp":{"0":0.59,"1":0.6,"2":0.609,"3":0.619,"4":0.619,"5":0.609,"6":0.59,"7":0.58,"8":0.569,"9":0.569,"10":0.569,"11":0.58,"12":0.59,"13":0.6,"14":0.609,"15":0.619,"16":0.609,"17":0.619,"18":0.63,"19":0.65},"acc_x":{"0":-1.023986385,"1":1.225767053,"2":0.100890334,"3":0.100890334,"4":-1.023986385,"5":0.100890334,"6":-1.023986385,"7":-1.023986385,"8":1.225767053,"9":-1.023986385,"10":1.225767053,"11":1.225767053,"12":0.100890334,"13":0.100890334,"14":1.225767053,"15":1.225767053,"16":-1.023986385,"17":0.100890334,"18":-1.023986385,"19":0.100890334},"acc_y":{"0":0.061109469,"1":-1.209521961,"2":0.061109469,"3":0.061109469,"4":-1.209521961,"5":0.061109469,"6":0.061109469,"7":0.061109469,"8":-1.209521961,"9":-1.209521961,"10":0.061109469,"11":0.061109469,"12":0.061109469,"13":0.061109469,"14":0.061109469,"15":0.061109469,"16":0.061109469,"17":0.061109469,"18":0.061109469,"19":0.061109469},"environment_tmp":{"0":-0.40391874,"1":-0.421277421,"2":-0.421277421,"3":-0.40391874,"4":-0.40391874,"5":-0.40391874,"6":-0.40391874,"7":-0.40391874,"8":-0.40391874,"9":-0.389716183,"10":-0.389716183,"11":-0.389716183,"12":-0.389716183,"13":-0.389716183,"14":-0.389716183,"15":-0.40391874,"16":-0.389716183,"17":-0.40391874,"18":-0.40391874,"19":-0.421277421},"int_tmp":{"0":0.014918413,"1":-0.002291349,"2":-0.002291349,"3":-0.002291349,"4":0.014918413,"5":-0.002291349,"6":-0.002291349,"7":-0.002291349,"8":-0.002291349,"9":-0.002291349,"10":-0.002291349,"11":-0.002291349,"12":-0.002291349,"13":-0.002291349,"14":-0.002291349,"15":-0.002291349,"16":-0.002291349,"17":-0.002291349,"18":-0.023325502,"19":-0.023325502},"pitch1_ng5_tmp":{"0":1.307692308,"1":1.307692308,"2":1.307692308,"3":1.307692308,"4":1.307692308,"5":1.307692308,"6":1.307692308,"7":1.307692308,"8":1.307692308,"9":1.307692308,"10":1.307692308,"11":1.307692308,"12":1.290769231,"13":1.290769231,"14":1.290769231,"15":1.290769231,"16":1.290769231,"17":1.290769231,"18":1.290769231,"19":1.276923077},"pitch2_ng5_tmp":{"0":1.123076923,"1":1.123076923,"2":1.123076923,"3":1.123076923,"4":1.123076923,"5":1.106153846,"6":1.106153846,"7":1.106153846,"8":1.106153846,"9":1.106153846,"10":1.106153846,"11":1.106153846,"12":1.106153846,"13":1.090769231,"14":1.090769231,"15":1.090769231,"16":1.090769231,"17":1.090769231,"18":1.090769231,"19":1.090769231},"pitch3_ng5_tmp":{"0":0.783076923,"1":0.783076923,"2":0.783076923,"3":0.783076923,"4":0.783076923,"5":0.783076923,"6":0.783076923,"7":0.783076923,"8":0.783076923,"9":0.783076923,"10":0.783076923,"11":0.783076923,"12":0.783076923,"13":0.783076923,"14":0.783076923,"15":0.783076923,"16":0.783076923,"17":0.783076923,"18":0.783076923,"19":0.769230769},"pitch1_ng5_DC":{"0":1.36,"1":0.44,"2":1.76,"3":2.8,"4":-0.88,"5":0.2,"6":-0.16,"7":-0.76,"8":0.64,"9":0.2,"10":2.8,"11":0.08,"12":0.12,"13":0.72,"14":-0.92,"15":0.64,"16":-1.56,"17":1.08,"18":1.44,"19":0.96},"pitch2_ng5_DC":{"0":0.0,"1":2.88,"2":0.6,"3":-0.48,"4":1.72,"5":-0.92,"6":-0.8,"7":-0.92,"8":1.32,"9":0.52,"10":0.32,"11":-0.64,"12":-3.28,"13":-1.56,"14":-0.32,"15":-2.72,"16":1.68,"17":0.76,"18":2.4,"19":0.4},"pitch3_ng5_DC":{"0":1.56,"1":-2.6,"2":2.56,"3":0.12,"4":0.92,"5":-1.48,"6":-1.76,"7":1.12,"8":0.36,"9":0.4,"10":-0.04,"11":-2.68,"12":1.2,"13":1.32,"14":-1.68,"15":2.12,"16":2.8,"17":0.32,"18":2.6,"19":1.36},"group":{"0":1.0,"1":1.0,"2":1.0,"3":1.0,"4":1.0,"5":1.0,"6":1.0,"7":1.0,"8":1.0,"9":1.0,"10":1.0,"11":1.0,"12":1.0,"13":1.0,"14":1.0,"15":1.0,"16":1.0,"17":1.0,